ra,dec,mu_class,mag_auto,flux_radius,elongation,flags,a_world,b_world,axis_ratio_est,size_bin,mag_bin,shape_bin,source_id,fits_path,xml_path,request_url,fits_url,shape_y,shape_x,pixel_scale_arcsec,cutout_size_arcsec_y,cutout_size_arcsec_x,sky_level,p99_flux,status,reason,stdnorm,peaknorm,edgeabsmean,finitefraction,main_flux_fraction,n_components,mask_fraction
149.9596971223268,2.368357772195345,1,23.280176162719727,5.159041404724121,1.3757293224334717,0,4.2544419557088986e-05,3.2038140489021316e-05,0.7268871665000916,size_1,mag_1,shape_2,cosmos_000001,cosmos_irsa_auto\fits\cosmos_000001.fits,cosmos_irsa_auto\xml\cosmos_000001.xml,https://irsa.ipac.caltech.edu/cgi-bin/Cutouts/nph-cutouts?mission=COSMOS&locstr=149.959697+2.368358+eq+j2000&sizeX=5.0&sizeY=5.0&units=arcsec&mode=PI&max_size=180&ntable_cutouts=1&cutouttbl1=acs_mosaic_2.0,https://irsa.ipac.caltech.edu:443/workspace/TMP_ygEXd9_3236566/Cutouts/149.959697_2.368358_eq_j2000.v0001/results/acs_mosaic_2.0/0001_149.95970000_2.36836000_acs_I_mosaic_30mas_sci.fits,168,168,0.03,5.04,5.04,0.0001704357855487615,0.011159220710396767,accept,passed_auto_qa,0.3482125997543335,5.0,0.16849936544895172,1.0,0.2843340378175708,2,0.021541950113378686
149.7286481992564,2.360403012393928,1,22.06301498413086,5.744026184082031,2.248462438583374,0,7.140378875192255e-05,3.0264369343058206e-05,0.4447483718395233,size_1,mag_1,shape_4,cosmos_000003,cosmos_irsa_auto\fits\cosmos_000003.fits,cosmos_irsa_auto\xml\cosmos_000003.xml,https://irsa.ipac.caltech.edu/cgi-bin/Cutouts/nph-cutouts?mission=COSMOS&locstr=149.728648+2.360403+eq+j2000&sizeX=5.0&sizeY=5.0&units=arcsec&mode=PI&max_size=180&ntable_cutouts=1&cutouttbl1=acs_mosaic_2.0,https://irsa.ipac.caltech.edu:443/workspace/TMP_ygEXd9_3236566/Cutouts/149.728648_2.360403_eq_j2000.v0001/results/acs_mosaic_2.0/0001_149.72865000_2.36040000_acs_I_mosaic_30mas_sci.fits,168,168,0.03,5.04,5.04,0.0008771967841312289,0.025118980556726456,accept,passed_auto_qa,0.34872081875801086,5.0,0.11149841547012329,1.0,0.39465912679956194,2,0.02962018140589569
150.4554951204874,2.074121100873491,1,24.810985565185547,5.463715076446533,1.444861650466919,0,3.42711791745387e-05,2.3240780137712136e-05,0.6921077966690063,size_1,mag_3,shape_2,cosmos_000009,cosmos_irsa_auto\fits\cosmos_000009.fits,cosmos_irsa_auto\xml\cosmos_000009.xml,https://irsa.ipac.caltech.edu/cgi-bin/Cutouts/nph-cutouts?mission=COSMOS&locstr=150.455495+2.074121+eq+j2000&sizeX=5.0&sizeY=5.0&units=arcsec&mode=PI&max_size=180&ntable_cutouts=1&cutouttbl1=acs_mosaic_2.0,https://irsa.ipac.caltech.edu:443/workspace/TMP_ygEXd9_3236566/Cutouts/150.455495_2.074121_eq_j2000.v0001/results/acs_mosaic_2.0/0001_150.45550000_2.07412000_acs_I_mosaic_30mas_sci.fits,168,168,0.03,5.04,5.04,0.0002647160436026752,0.03389686346054077,accept,passed_auto_qa,0.3750916123390198,5.0,0.09303263574838638,1.0,0.4235499428654409,2,0.028521825396825396
150.4045481322754,2.116727552349606,1,23.182703018188477,7.562108039855957,1.3262423276901245,0,5.126465839566663e-05,3.8569669413845986e-05,0.754010021686554,size_2,mag_1,shape_2,cosmos_000017,cosmos_irsa_auto\fits\cosmos_000017.fits,cosmos_irsa_auto\xml\cosmos_000017.xml,https://irsa.ipac.caltech.edu/cgi-bin/Cutouts/nph-cutouts?mission=COSMOS&locstr=150.404548+2.116728+eq+j2000&sizeX=5.0&sizeY=5.0&units=arcsec&mode=PI&max_size=180&ntable_cutouts=1&cutouttbl1=acs_mosaic_2.0,https://irsa.ipac.caltech.edu:443/workspace/TMP_ygEXd9_3236566/Cutouts/150.404548_2.116728_eq_j2000.v0001/results/acs_mosaic_2.0/0001_150.40455000_2.11673000_acs_I_mosaic_30mas_sci.fits,168,168,0.03,5.04,5.04,7.356781861744821e-05,0.013663355261087418,accept,passed_auto_qa,0.3085901737213135,4.717411994934082,0.14938846230506897,1.0,0.25221187988721255,1,0.021364795918367346
150.3322260485172,2.339665432409918,1,21.820762634277344,11.05964183807373,1.0982179641723633,0,7.543475658167154e-05,6.83093530824408e-05,0.9105660319328308,size_3,mag_1,shape_1,cosmos_000032,cosmos_irsa_auto\fits\cosmos_000032.fits,cosmos_irsa_auto\xml\cosmos_000032.xml,https://irsa.ipac.caltech.edu/cgi-bin/Cutouts/nph-cutouts?mission=COSMOS&locstr=150.332226+2.339665+eq+j2000&sizeX=5.0&sizeY=5.0&units=arcsec&mode=PI&max_size=180&ntable_cutouts=1&cutouttbl1=acs_mosaic_2.0,https://irsa.ipac.caltech.edu:443/workspace/TMP_ygEXd9_3236566/Cutouts/150.332226_2.339665_eq_j2000.v0001/results/acs_mosaic_2.0/0001_150.33223000_2.33967000_acs_I_mosaic_30mas_sci.fits,168,168,0.03,5.04,5.04,0.0002906832378357649,0.04017147794365883,accept,passed_auto_qa,0.20275157690048218,3.7829413414001465,0.03974228352308273,1.0,0.626201594019939,1,0.06101190476190476
150.1302461130798,2.370477464359613,1,21.758543014526367,10.470223426818848,1.3021653890609741,0,7.635982910869643e-05,5.806862100143917e-05,0.7679516077041626,size_3,mag_1,shape_2,cosmos_000033,cosmos_irsa_auto\fits\cosmos_000033.fits,cosmos_irsa_auto\xml\cosmos_000033.xml,https://irsa.ipac.caltech.edu/cgi-bin/Cutouts/nph-cutouts?mission=COSMOS&locstr=150.130246+2.370477+eq+j2000&sizeX=5.0&sizeY=5.0&units=arcsec&mode=PI&max_size=180&ntable_cutouts=1&cutouttbl1=acs_mosaic_2.0,https://irsa.ipac.caltech.edu:443/workspace/TMP_ygEXd9_3236566/Cutouts/150.130246_2.370477_eq_j2000.v0001/results/acs_mosaic_2.0/0001_150.13025000_2.37048000_acs_I_mosaic_30mas_sci.fits,168,168,0.03,5.04,5.04,0.0008337976760230958,0.04536694660782814,accept,passed_auto_qa,0.23074518144130707,5.0,0.07446848601102829,1.0,0.45167991106104033,2,0.04311933106575964
150.1372134103685,2.100357433896738,1,23.25470733642578,10.596237182617188,2.75046706199646,0,8.712786075193435e-05,3.178744009346701e-05,0.3635746240615845,size_3,mag_1,shape_4,cosmos_000035,cosmos_irsa_auto\fits\cosmos_000035.fits,cosmos_irsa_auto\xml\cosmos_000035.xml,https://irsa.ipac.caltech.edu/cgi-bin/Cutouts/nph-cutouts?mission=COSMOS&locstr=150.137213+2.100357+eq+j2000&sizeX=5.0&sizeY=5.0&units=arcsec&mode=PI&max_size=180&ntable_cutouts=1&cutouttbl1=acs_mosaic_2.0,https://irsa.ipac.caltech.edu:443/workspace/TMP_ygEXd9_3236566/Cutouts/150.137213_2.100357_eq_j2000.v0001/results/acs_mosaic_2.0/0001_150.13721000_2.10036000_acs_I_mosaic_30mas_sci.fits,168,168,0.03,5.04,5.04,0.00010209387983195484,0.013423877768218517,accept,passed_auto_qa,0.27988675236701965,4.584218978881836,0.13697120547294617,1.0,0.21602999672273604,1,0.024907879818594103
150.1181272724247,2.293241005729661,1,21.70494270324707,20.070175170898438,1.1827763319015503,0,0.0001089056022465229,9.147996752290055e-05,0.8454684019088745,size_4,mag_1,shape_1,cosmos_000048,cosmos_irsa_auto\fits\cosmos_000048.fits,cosmos_irsa_auto\xml\cosmos_000048.xml,https://irsa.ipac.caltech.edu/cgi-bin/Cutouts/nph-cutouts?mission=COSMOS&locstr=150.118127+2.293241+eq+j2000&sizeX=5.0&sizeY=5.0&units=arcsec&mode=PI&max_size=180&ntable_cutouts=1&cutouttbl1=acs_mosaic_2.0,https://irsa.ipac.caltech.edu:443/workspace/TMP_ygEXd9_3236566/Cutouts/150.118127_2.293241_eq_j2000.v0001/results/acs_mosaic_2.0/0001_150.11813000_2.29324000_acs_I_mosaic_30mas_sci.fits,168,168,0.03,5.04,5.04,0.0008374903700314462,0.02287249080836773,accept,passed_auto_qa,0.2278984934091568,1.8055657148361206,0.09548091888427734,1.0,0.42042668163241076,2,0.06490929705215419
150.0767766866861,2.577809096138438,1,21.624765396118164,15.449468612670898,1.5933704376220703,0,9.175545710604638e-05,5.7686051150085405e-05,0.6276004314422607,size_4,mag_1,shape_3,cosmos_000050,cosmos_irsa_auto\fits\cosmos_000050.fits,cosmos_irsa_auto\xml\cosmos_000050.xml,https://irsa.ipac.caltech.edu/cgi-bin/Cutouts/nph-cutouts?mission=COSMOS&locstr=150.076777+2.577809+eq+j2000&sizeX=5.0&sizeY=5.0&units=arcsec&mode=PI&max_size=180&ntable_cutouts=1&cutouttbl1=acs_mosaic_2.0,https://irsa.ipac.caltech.edu:443/workspace/TMP_ygEXd9_3236566/Cutouts/150.076777_2.577809_eq_j2000.v0001/results/acs_mosaic_2.0/0001_150.07678000_2.57781000_acs_I_mosaic_30mas_sci.fits,168,168,0.03,5.04,5.04,0.0008229531813412905,0.031529150903224945,accept,passed_auto_qa,0.26041004061698914,5.0,0.08562332391738892,1.0,0.40363402753917177,1,0.04531604308390023
150.332118769458,1.819074079368249,1,22.395919799804688,18.254343032836914,2.2307958602905273,0,0.0001315299014095217,6.622119690291584e-05,0.4482704997062683,size_4,mag_1,shape_4,cosmos_000051,cosmos_irsa_auto\fits\cosmos_000051.fits,cosmos_irsa_auto\xml\cosmos_000051.xml,https://irsa.ipac.caltech.edu/cgi-bin/Cutouts/nph-cutouts?mission=COSMOS&locstr=150.332119+1.819074+eq+j2000&sizeX=5.0&sizeY=5.0&units=arcsec&mode=PI&max_size=180&ntable_cutouts=1&cutouttbl1=acs_mosaic_2.0,https://irsa.ipac.caltech.edu:443/workspace/TMP_ygEXd9_3236566/Cutouts/150.332119_1.819074_eq_j2000.v0001/results/acs_mosaic_2.0/0001_150.33212000_1.81907000_acs_I_mosaic_30mas_sci.fits,168,168,0.03,5.04,5.04,0.000467072706669569,0.016955822706222534,accept,passed_auto_qa,0.2590409815311432,4.682176113128662,0.12314889580011368,1.0,0.27295254124357937,2,0.05141014739229025
150.1473673351007,2.336429946543689,1,24.847558975219727,31.862314224243164,1.2082542181015015,0,1.4576969988411292e-05,1.192758008983219e-05,0.8276404142379761,size_4,mag_3,shape_1,cosmos_000056,cosmos_irsa_auto\fits\cosmos_000056.fits,cosmos_irsa_auto\xml\cosmos_000056.xml,https://irsa.ipac.caltech.edu/cgi-bin/Cutouts/nph-cutouts?mission=COSMOS&locstr=150.147367+2.336430+eq+j2000&sizeX=5.0&sizeY=5.0&units=arcsec&mode=PI&max_size=180&ntable_cutouts=1&cutouttbl1=acs_mosaic_2.0,https://irsa.ipac.caltech.edu:443/workspace/TMP_ygEXd9_3236566/Cutouts/150.147367_2.336430_eq_j2000.v0001/results/acs_mosaic_2.0/0001_150.14737000_2.33643000_acs_I_mosaic_30mas_sci.fits,168,168,0.03,5.04,5.04,0.0005314117879606783,0.030984947457909584,accept,passed_auto_qa,0.25290536880493164,5.0,0.21640244126319885,1.0,0.4908550954383569,1,0.06196853741496599
150.1304043495743,2.514115626711395,1,25.379436492919922,14.224059104919434,1.3677350282669067,0,1.5666670151404105e-05,1.1275759788986761e-05,0.7311357855796814,size_4,mag_4,shape_2,cosmos_000061,cosmos_irsa_auto\fits\cosmos_000061.fits,cosmos_irsa_auto\xml\cosmos_000061.xml,https://irsa.ipac.caltech.edu/cgi-bin/Cutouts/nph-cutouts?mission=COSMOS&locstr=150.130404+2.514116+eq+j2000&sizeX=5.0&sizeY=5.0&units=arcsec&mode=PI&max_size=180&ntable_cutouts=1&cutouttbl1=acs_mosaic_2.0,https://irsa.ipac.caltech.edu:443/workspace/TMP_ygEXd9_3236566/Cutouts/150.130404_2.514116_eq_j2000.v0001/results/acs_mosaic_2.0/0001_150.13040000_2.51412000_acs_I_mosaic_30mas_sci.fits,168,168,0.03,5.04,5.04,0.0005494313081726432,0.02348293550312519,accept,passed_auto_qa,0.23282070457935333,3.081846237182617,0.10222278535366058,1.0,0.3546172278385953,1,0.03993055555555555
150.277818315134,1.95102153218685,1,21.965471267700195,12.242523193359375,2.9779012203216553,0,0.000121390497952234,3.725202986970544e-05,0.3358069658279419,size_4,mag_1,shape_4,cosmos_000068,cosmos_irsa_auto\fits\cosmos_000068.fits,cosmos_irsa_auto\xml\cosmos_000068.xml,https://irsa.ipac.caltech.edu/cgi-bin/Cutouts/nph-cutouts?mission=COSMOS&locstr=150.277818+1.951022+eq+j2000&sizeX=5.0&sizeY=5.0&units=arcsec&mode=PI&max_size=180&ntable_cutouts=1&cutouttbl1=acs_mosaic_2.0,https://irsa.ipac.caltech.edu:443/workspace/TMP_ygEXd9_3236566/Cutouts/150.277818_1.951022_eq_j2000.v0001/results/acs_mosaic_2.0/0001_150.27782000_1.95102000_acs_I_mosaic_30mas_sci.fits,168,168,0.03,5.04,5.04,0.0003507488581817597,0.03344479948282242,accept,passed_auto_qa,0.22978688776493073,4.418976783752441,0.0662156417965889,1.0,0.482877816754026,2,0.052012471655328796
150.0285010891663,2.638314577690161,1,24.87771987915039,9.088702201843262,1.20717453956604,0,3.600820855353959e-05,2.9506170903914608e-05,0.8283806443214417,size_3,mag_3,shape_1,cosmos_000072,cosmos_irsa_auto\fits\cosmos_000072.fits,cosmos_irsa_auto\xml\cosmos_000072.xml,https://irsa.ipac.caltech.edu/cgi-bin/Cutouts/nph-cutouts?mission=COSMOS&locstr=150.028501+2.638315+eq+j2000&sizeX=5.0&sizeY=5.0&units=arcsec&mode=PI&max_size=180&ntable_cutouts=1&cutouttbl1=acs_mosaic_2.0,https://irsa.ipac.caltech.edu:443/workspace/TMP_ygEXd9_3236566/Cutouts/150.028501_2.638315_eq_j2000.v0001/results/acs_mosaic_2.0/0001_150.02850000_2.63832000_acs_I_mosaic_30mas_sci.fits,168,168,0.03,5.04,5.04,4.686501779360697e-05,0.01960473507642746,accept,passed_auto_qa,0.2685304582118988,4.251074314117432,0.11437445878982544,1.0,0.3109089336014126,2,0.031639739229024945
150.340755048966,2.199704652102575,1,23.777502059936523,9.257942199707031,1.2149916887283325,0,4.0043079934548587e-05,3.329956962261349e-05,0.8230509161949158,size_3,mag_2,shape_1,cosmos_000073,cosmos_irsa_auto\fits\cosmos_000073.fits,cosmos_irsa_auto\xml\cosmos_000073.xml,https://irsa.ipac.caltech.edu/cgi-bin/Cutouts/nph-cutouts?mission=COSMOS&locstr=150.340755+2.199705+eq+j2000&sizeX=5.0&sizeY=5.0&units=arcsec&mode=PI&max_size=180&ntable_cutouts=1&cutouttbl1=acs_mosaic_2.0,https://irsa.ipac.caltech.edu:443/workspace/TMP_ygEXd9_3236566/Cutouts/150.340755_2.199705_eq_j2000.v0001/results/acs_mosaic_2.0/0001_150.34076000_2.19970000_acs_I_mosaic_30mas_sci.fits,168,168,0.03,5.04,5.04,0.0014697910519316792,0.22856801748275757,accept,passed_auto_qa,0.36925119161605835,5.0,0.011741974391043186,1.0,0.8766990282208375,2,0.0934311224489796
150.209173327221,1.854246979621496,1,21.740325927734375,12.751184463500977,2.7236416339874268,0,0.00011749799887184054,4.13605994253885e-05,0.3671554923057556,size_4,mag_1,shape_4,cosmos_000074,cosmos_irsa_auto\fits\cosmos_000074.fits,cosmos_irsa_auto\xml\cosmos_000074.xml,https://irsa.ipac.caltech.edu/cgi-bin/Cutouts/nph-cutouts?mission=COSMOS&locstr=150.209173+1.854247+eq+j2000&sizeX=5.0&sizeY=5.0&units=arcsec&mode=PI&max_size=180&ntable_cutouts=1&cutouttbl1=acs_mosaic_2.0,https://irsa.ipac.caltech.edu:443/workspace/TMP_ygEXd9_3236566/Cutouts/150.209173_1.854247_eq_j2000.v0001/results/acs_mosaic_2.0/0001_150.20917000_1.85425000_acs_I_mosaic_30mas_sci.fits,168,168,0.03,5.04,5.04,0.0005684823263436556,0.03861165791749954,accept,passed_auto_qa,0.22504259645938873,4.128262042999268,0.052606821060180664,1.0,0.5250853038487535,1,0.05282738095238095
150.288915783786,2.266623785126617,1,22.71177101135254,7.74763822555542,1.1483567953109741,0,5.012936162529513e-05,4.3422529415693134e-05,0.8708094954490662,size_2,mag_1,shape_1,cosmos_000077,cosmos_irsa_auto\fits\cosmos_000077.fits,cosmos_irsa_auto\xml\cosmos_000077.xml,https://irsa.ipac.caltech.edu/cgi-bin/Cutouts/nph-cutouts?mission=COSMOS&locstr=150.288916+2.266624+eq+j2000&sizeX=5.0&sizeY=5.0&units=arcsec&mode=PI&max_size=180&ntable_cutouts=1&cutouttbl1=acs_mosaic_2.0,https://irsa.ipac.caltech.edu:443/workspace/TMP_ygEXd9_3236566/Cutouts/150.288916_2.266624_eq_j2000.v0001/results/acs_mosaic_2.0/0001_150.28892000_2.26662000_acs_I_mosaic_30mas_sci.fits,168,168,0.03,5.04,5.04,0.0007109914440661669,0.037176456302404404,accept,passed_auto_qa,0.2212134152650833,5.0,0.05973263084888458,1.0,0.29292350445074355,3,0.041560374149659865
150.389707923109,2.449766042085086,1,24.657310485839844,11.949009895324707,2.9671037197113037,1,6.905921327415854e-05,2.5429209927096963e-05,0.33702901005744934,size_4,mag_3,shape_4,cosmos_000079,cosmos_irsa_auto\fits\cosmos_000079.fits,cosmos_irsa_auto\xml\cosmos_000079.xml,https://irsa.ipac.caltech.edu/cgi-bin/Cutouts/nph-cutouts?mission=COSMOS&locstr=150.389708+2.449766+eq+j2000&sizeX=5.0&sizeY=5.0&units=arcsec&mode=PI&max_size=180&ntable_cutouts=1&cutouttbl1=acs_mosaic_2.0,https://irsa.ipac.caltech.edu:443/workspace/TMP_ygEXd9_3236566/Cutouts/150.389708_2.449766_eq_j2000.v0001/results/acs_mosaic_2.0/0001_150.38971000_2.44977000_acs_I_mosaic_30mas_sci.fits,168,168,0.03,5.04,5.04,0.0005312871071510017,0.07095111906528473,accept,passed_auto_qa,0.3759348392486572,5.0,0.031313687562942505,1.0,0.7211156331351141,2,0.04450113378684807
150.4135693735075,2.414593824713193,1,25.37953758239746,6.955817699432373,2.093017816543579,0,4.3266689317533746e-05,2.1909729184699245e-05,0.4777790307998657,size_2,mag_4,shape_4,cosmos_000087,cosmos_irsa_auto\fits\cosmos_000087.fits,cosmos_irsa_auto\xml\cosmos_000087.xml,https://irsa.ipac.caltech.edu/cgi-bin/Cutouts/nph-cutouts?mission=COSMOS&locstr=150.413569+2.414594+eq+j2000&sizeX=5.0&sizeY=5.0&units=arcsec&mode=PI&max_size=180&ntable_cutouts=1&cutouttbl1=acs_mosaic_2.0,https://irsa.ipac.caltech.edu:443/workspace/TMP_ygEXd9_3236566/Cutouts/150.413569_2.414594_eq_j2000.v0001/results/acs_mosaic_2.0/0001_150.41357000_2.41459000_acs_I_mosaic_30mas_sci.fits,168,168,0.03,5.04,5.04,0.0013168947771191597,0.02029791660606861,accept,passed_auto_qa,0.2471369206905365,3.1815404891967773,0.24714542925357819,1.0,0.25315239548748314,1,0.03599773242630386
149.8278708315601,2.164850210700025,1,24.91998291015625,14.263615608215332,1.7011219263076782,1,3.0079860152909532e-05,1.7698650481179357e-05,0.5878473520278931,size_4,mag_3,shape_3,cosmos_000096,cosmos_irsa_auto\fits\cosmos_000096.fits,cosmos_irsa_auto\xml\cosmos_000096.xml,https://irsa.ipac.caltech.edu/cgi-bin/Cutouts/nph-cutouts?mission=COSMOS&locstr=149.827871+2.164850+eq+j2000&sizeX=5.0&sizeY=5.0&units=arcsec&mode=PI&max_size=180&ntable_cutouts=1&cutouttbl1=acs_mosaic_2.0,https://irsa.ipac.caltech.edu:443/workspace/TMP_ygEXd9_3236566/Cutouts/149.827871_2.164850_eq_j2000.v0001/results/acs_mosaic_2.0/0001_149.82787000_2.16485000_acs_I_mosaic_30mas_sci.fits,168,168,0.03,5.04,5.04,0.0010933559387922287,0.11195751279592514,accept,passed_auto_qa,0.33910122513771057,5.0,0.024700749665498734,1.0,0.7909962768832169,2,0.06898384353741496
149.9055882217978,2.421499811993799,1,22.27630043029785,10.187569618225098,2.570647716522217,0,9.645114187151194e-05,3.54291005351115e-05,0.38900700211524963,size_3,mag_1,shape_4,cosmos_000099,cosmos_irsa_auto\fits\cosmos_000099.fits,cosmos_irsa_auto\xml\cosmos_000099.xml,https://irsa.ipac.caltech.edu/cgi-bin/Cutouts/nph-cutouts?mission=COSMOS&locstr=149.905588+2.421500+eq+j2000&sizeX=5.0&sizeY=5.0&units=arcsec&mode=PI&max_size=180&ntable_cutouts=1&cutouttbl1=acs_mosaic_2.0,https://irsa.ipac.caltech.edu:443/workspace/TMP_ygEXd9_3236566/Cutouts/149.905588_2.421500_eq_j2000.v0001/results/acs_mosaic_2.0/0001_149.90559000_2.42150000_acs_I_mosaic_30mas_sci.fits,168,168,0.03,5.04,5.04,0.00026495865313336253,0.026425031945109367,accept,passed_auto_qa,0.2549307346343994,4.586938858032227,0.08154350519180298,1.0,0.4099713032626906,2,0.040355725623582764
150.503120543085,2.226255756977151,1,22.397993087768555,9.256628036499023,2.0935404300689697,0,8.087729656836018e-05,4.054824967170134e-05,0.47765976190567017,size_3,mag_1,shape_4,cosmos_000102,cosmos_irsa_auto\fits\cosmos_000102.fits,cosmos_irsa_auto\xml\cosmos_000102.xml,https://irsa.ipac.caltech.edu/cgi-bin/Cutouts/nph-cutouts?mission=COSMOS&locstr=150.503121+2.226256+eq+j2000&sizeX=5.0&sizeY=5.0&units=arcsec&mode=PI&max_size=180&ntable_cutouts=1&cutouttbl1=acs_mosaic_2.0,https://irsa.ipac.caltech.edu:443/workspace/TMP_ygEXd9_3236566/Cutouts/150.503121_2.226256_eq_j2000.v0001/results/acs_mosaic_2.0/0001_150.50312000_2.22626000_acs_I_mosaic_30mas_sci.fits,168,168,0.03,5.04,5.04,0.00027119493461214006,0.02276860736310482,accept,passed_auto_qa,0.30264827609062195,5.0,0.102606862783432,1.0,0.36100910288800975,2,0.03178146258503401
150.517470719029,2.400392732128813,1,21.346961975097656,18.515329360961914,1.1577725410461426,0,0.00011236080172238871,9.850470814853907e-05,0.8637275099754333,size_4,mag_1,shape_1,cosmos_000105,cosmos_irsa_auto\fits\cosmos_000105.fits,cosmos_irsa_auto\xml\cosmos_000105.xml,https://irsa.ipac.caltech.edu/cgi-bin/Cutouts/nph-cutouts?mission=COSMOS&locstr=150.517471+2.400393+eq+j2000&sizeX=5.0&sizeY=5.0&units=arcsec&mode=PI&max_size=180&ntable_cutouts=1&cutouttbl1=acs_mosaic_2.0,https://irsa.ipac.caltech.edu:443/workspace/TMP_ygEXd9_3236566/Cutouts/150.517471_2.400393_eq_j2000.v0001/results/acs_mosaic_2.0/0001_150.51747000_2.40039000_acs_I_mosaic_30mas_sci.fits,168,168,0.03,5.04,5.04,0.000800830777734518,0.03526032343506813,accept,passed_auto_qa,0.23086324334144592,4.9186859130859375,0.06244741007685661,1.0,0.5887921727953525,1,0.08765589569160998
150.3586102070937,2.035364305661335,1,20.285112380981445,9.82266616821289,1.28586745262146,0,9.326675353804603e-05,7.15817732270807e-05,0.7776851058006287,size_3,mag_1,shape_1,cosmos_000117,cosmos_irsa_auto\fits\cosmos_000117.fits,cosmos_irsa_auto\xml\cosmos_000117.xml,https://irsa.ipac.caltech.edu/cgi-bin/Cutouts/nph-cutouts?mission=COSMOS&locstr=150.358610+2.035364+eq+j2000&sizeX=5.0&sizeY=5.0&units=arcsec&mode=PI&max_size=180&ntable_cutouts=1&cutouttbl1=acs_mosaic_2.0,https://irsa.ipac.caltech.edu:443/workspace/TMP_ygEXd9_3236566/Cutouts/150.358610_2.035364_eq_j2000.v0001/results/acs_mosaic_2.0/0001_150.35861000_2.03536000_acs_I_mosaic_30mas_sci.fits,168,168,0.03,5.04,5.04,0.0013176430948078632,0.12480876594781876,accept,passed_auto_qa,0.28275224566459656,5.0,0.0315285250544548,1.0,0.73642888362608,1,0.08503401360544217
150.480199430854,2.27312486797103,1,23.658193588256836,13.650121688842773,2.267177104949951,0,7.028343679849058e-05,3.060045128222555e-05,0.4410771429538727,size_4,mag_1,shape_4,cosmos_000118,cosmos_irsa_auto\fits\cosmos_000118.fits,cosmos_irsa_auto\xml\cosmos_000118.xml,https://irsa.ipac.caltech.edu/cgi-bin/Cutouts/nph-cutouts?mission=COSMOS&locstr=150.480199+2.273125+eq+j2000&sizeX=5.0&sizeY=5.0&units=arcsec&mode=PI&max_size=180&ntable_cutouts=1&cutouttbl1=acs_mosaic_2.0,https://irsa.ipac.caltech.edu:443/workspace/TMP_ygEXd9_3236566/Cutouts/150.480199_2.273125_eq_j2000.v0001/results/acs_mosaic_2.0/0001_150.48020000_2.27312000_acs_I_mosaic_30mas_sci.fits,168,168,0.03,5.04,5.04,0.0003044150653295219,0.014667507261037827,accept,passed_auto_qa,0.337547242641449,5.0,0.13714125752449036,1.0,0.23173668572315673,2,0.02040816326530612
150.3958034201683,1.887699903490838,1,22.419984817504883,16.58802604675293,2.286595344543457,0,0.00010391599789727479,5.1512190111679956e-05,0.4373314380645752,size_4,mag_1,shape_4,cosmos_000119,cosmos_irsa_auto\fits\cosmos_000119.fits,cosmos_irsa_auto\xml\cosmos_000119.xml,https://irsa.ipac.caltech.edu/cgi-bin/Cutouts/nph-cutouts?mission=COSMOS&locstr=150.395803+1.887700+eq+j2000&sizeX=5.0&sizeY=5.0&units=arcsec&mode=PI&max_size=180&ntable_cutouts=1&cutouttbl1=acs_mosaic_2.0,https://irsa.ipac.caltech.edu:443/workspace/TMP_ygEXd9_3236566/Cutouts/150.395803_1.887700_eq_j2000.v0001/results/acs_mosaic_2.0/0001_150.39580000_1.88770000_acs_I_mosaic_30mas_sci.fits,168,168,0.03,5.04,5.04,0.0007137949578464031,0.01660897210240364,accept,passed_auto_qa,0.2634521424770355,2.818272352218628,0.15920615196228027,1.0,0.2044166592024134,1,0.02791950113378685
149.7587005180907,2.42172665318958,1,25.415157318115234,9.017704963684082,2.390994071960449,1,4.713913949672133e-05,2.112573929480277e-05,0.4182360768318176,size_3,mag_4,shape_4,cosmos_000122,cosmos_irsa_auto\fits\cosmos_000122.fits,cosmos_irsa_auto\xml\cosmos_000122.xml,https://irsa.ipac.caltech.edu/cgi-bin/Cutouts/nph-cutouts?mission=COSMOS&locstr=149.758701+2.421727+eq+j2000&sizeX=5.0&sizeY=5.0&units=arcsec&mode=PI&max_size=180&ntable_cutouts=1&cutouttbl1=acs_mosaic_2.0,https://irsa.ipac.caltech.edu:443/workspace/TMP_ygEXd9_3236566/Cutouts/149.758701_2.421727_eq_j2000.v0001/results/acs_mosaic_2.0/0001_149.75870000_2.42173000_acs_I_mosaic_30mas_sci.fits,168,168,0.03,5.04,5.04,0.00035306153586134315,0.019620520994067192,accept,passed_auto_qa,0.3780718445777893,5.0,0.19238831102848053,1.0,0.3247381385043815,2,0.024199263038548753
149.8045006844511,2.097965313484619,1,22.183895111083984,12.418829917907715,2.0513007640838623,0,8.764334779698402e-05,4.423378049978055e-05,0.4874955415725708,size_4,mag_1,shape_4,cosmos_000123,cosmos_irsa_auto\fits\cosmos_000123.fits,cosmos_irsa_auto\xml\cosmos_000123.xml,https://irsa.ipac.caltech.edu/cgi-bin/Cutouts/nph-cutouts?mission=COSMOS&locstr=149.804501+2.097965+eq+j2000&sizeX=5.0&sizeY=5.0&units=arcsec&mode=PI&max_size=180&ntable_cutouts=1&cutouttbl1=acs_mosaic_2.0,https://irsa.ipac.caltech.edu:443/workspace/TMP_ygEXd9_3236566/Cutouts/149.804501_2.097965_eq_j2000.v0001/results/acs_mosaic_2.0/0001_149.80450000_2.09797000_acs_I_mosaic_30mas_sci.fits,168,168,0.03,5.04,5.04,0.00028151582228019834,0.029894597828388214,accept,passed_auto_qa,0.1923016458749771,2.470773935317993,0.062141090631484985,1.0,0.4583520873259427,1,0.047973356009070295
150.2859304644052,2.055823353992233,1,22.919931411743164,9.913737297058105,2.2258567810058594,0,8.036220242502168e-05,3.833360824501142e-05,0.4492652118206024,size_3,mag_1,shape_4,cosmos_000128,cosmos_irsa_auto\fits\cosmos_000128.fits,cosmos_irsa_auto\xml\cosmos_000128.xml,https://irsa.ipac.caltech.edu/cgi-bin/Cutouts/nph-cutouts?mission=COSMOS&locstr=150.285930+2.055823+eq+j2000&sizeX=5.0&sizeY=5.0&units=arcsec&mode=PI&max_size=180&ntable_cutouts=1&cutouttbl1=acs_mosaic_2.0,https://irsa.ipac.caltech.edu:443/workspace/TMP_ygEXd9_3236566/Cutouts/150.285930_2.055823_eq_j2000.v0001/results/acs_mosaic_2.0/0001_150.28593000_2.05582000_acs_I_mosaic_30mas_sci.fits,168,168,0.03,5.04,5.04,0.00014966701564844698,0.019004078581929207,accept,passed_auto_qa,0.23633554577827454,3.127237558364868,0.1108778789639473,1.0,0.2815863768559294,1,0.028592687074829932
150.1069400342917,2.111818057460838,1,24.674617767333984,5.947776794433594,1.698228359222412,0,3.392188955331221e-05,2.1202109564910643e-05,0.5888489484786987,size_1,mag_3,shape_3,cosmos_000133,cosmos_irsa_auto\fits\cosmos_000133.fits,cosmos_irsa_auto\xml\cosmos_000133.xml,https://irsa.ipac.caltech.edu/cgi-bin/Cutouts/nph-cutouts?mission=COSMOS&locstr=150.106940+2.111818+eq+j2000&sizeX=5.0&sizeY=5.0&units=arcsec&mode=PI&max_size=180&ntable_cutouts=1&cutouttbl1=acs_mosaic_2.0,https://irsa.ipac.caltech.edu:443/workspace/TMP_ygEXd9_3236566/Cutouts/150.106940_2.111818_eq_j2000.v0001/results/acs_mosaic_2.0/0001_150.10694000_2.11182000_acs_I_mosaic_30mas_sci.fits,168,168,0.03,5.04,5.04,0.0004970153095200658,0.02120913378894329,accept,passed_auto_qa,0.26827144622802734,5.0,0.11073240637779236,1.0,0.38019813380689377,3,0.0794359410430839
150.0234576875783,1.98262732835559,1,24.579362869262695,6.137256145477295,1.9765026569366455,0,3.730658863787539e-05,1.944363975781016e-05,0.5059441924095154,size_2,mag_3,shape_4,cosmos_000139,cosmos_irsa_auto\fits\cosmos_000139.fits,cosmos_irsa_auto\xml\cosmos_000139.xml,https://irsa.ipac.caltech.edu/cgi-bin/Cutouts/nph-cutouts?mission=COSMOS&locstr=150.023458+1.982627+eq+j2000&sizeX=5.0&sizeY=5.0&units=arcsec&mode=PI&max_size=180&ntable_cutouts=1&cutouttbl1=acs_mosaic_2.0,https://irsa.ipac.caltech.edu:443/workspace/TMP_ygEXd9_3236566/Cutouts/150.023458_1.982627_eq_j2000.v0001/results/acs_mosaic_2.0/0001_150.02346000_1.98263000_acs_I_mosaic_30mas_sci.fits,168,168,0.03,5.04,5.04,0.0002650977985467762,0.034173060208559036,accept,passed_auto_qa,0.359604150056839,5.0,0.07877035439014435,1.0,0.4717389660947388,2,0.030753968253968252
150.2620093083778,2.417127794142745,1,25.310466766357422,8.432001113891602,2.8459794521331787,0,6.3294981373474e-05,1.9787079509114847e-05,0.3513728678226471,size_3,mag_4,shape_4,cosmos_000144,cosmos_irsa_auto\fits\cosmos_000144.fits,cosmos_irsa_auto\xml\cosmos_000144.xml,https://irsa.ipac.caltech.edu/cgi-bin/Cutouts/nph-cutouts?mission=COSMOS&locstr=150.262009+2.417128+eq+j2000&sizeX=5.0&sizeY=5.0&units=arcsec&mode=PI&max_size=180&ntable_cutouts=1&cutouttbl1=acs_mosaic_2.0,https://irsa.ipac.caltech.edu:443/workspace/TMP_ygEXd9_3236566/Cutouts/150.262009_2.417128_eq_j2000.v0001/results/acs_mosaic_2.0/0001_150.26201000_2.41713000_acs_I_mosaic_30mas_sci.fits,168,168,0.03,5.04,5.04,0.0003463932953309268,0.011802070774137974,accept,passed_auto_qa,0.3656173050403595,5.0,0.2607365846633911,1.0,0.21449927567340077,1,0.018778344671201815
149.9021921330384,2.245885175015438,1,20.82903480529785,8.036781311035156,1.2856336832046509,0,7.411716069327667e-05,5.79000698053278e-05,0.7778265476226807,size_2,mag_1,shape_1,cosmos_000147,cosmos_irsa_auto\fits\cosmos_000147.fits,cosmos_irsa_auto\xml\cosmos_000147.xml,https://irsa.ipac.caltech.edu/cgi-bin/Cutouts/nph-cutouts?mission=COSMOS&locstr=149.902192+2.245885+eq+j2000&sizeX=5.0&sizeY=5.0&units=arcsec&mode=PI&max_size=180&ntable_cutouts=1&cutouttbl1=acs_mosaic_2.0,https://irsa.ipac.caltech.edu:443/workspace/TMP_ygEXd9_3236566/Cutouts/149.902192_2.245885_eq_j2000.v0001/results/acs_mosaic_2.0/0001_149.90219000_2.24589000_acs_I_mosaic_30mas_sci.fits,168,168,0.03,5.04,5.04,0.0007840283215045929,0.08597967773675919,accept,passed_auto_qa,0.2906244695186615,5.0,0.034829821437597275,1.0,0.6779752561076572,1,0.05966553287981859
150.0422865628109,2.410687234560754,1,23.637704849243164,7.775789737701416,1.5582399368286133,0,4.164870915701613e-05,2.6008539862232283e-05,0.6417496800422668,size_2,mag_1,shape_2,cosmos_000148,cosmos_irsa_auto\fits\cosmos_000148.fits,cosmos_irsa_auto\xml\cosmos_000148.xml,https://irsa.ipac.caltech.edu/cgi-bin/Cutouts/nph-cutouts?mission=COSMOS&locstr=150.042287+2.410687+eq+j2000&sizeX=5.0&sizeY=5.0&units=arcsec&mode=PI&max_size=180&ntable_cutouts=1&cutouttbl1=acs_mosaic_2.0,https://irsa.ipac.caltech.edu:443/workspace/TMP_ygEXd9_3236566/Cutouts/150.042287_2.410687_eq_j2000.v0001/results/acs_mosaic_2.0/0001_150.04229000_2.41069000_acs_I_mosaic_30mas_sci.fits,168,168,0.03,5.04,5.04,0.001830249559134245,0.06422415375709534,accept,passed_auto_qa,0.19201575219631195,2.1669514179229736,0.1531749963760376,1.0,0.6343437414073341,2,0.09708049886621316
149.9472038141773,2.544076826495004,1,21.379730224609375,30.41873550415039,1.158009648323059,0,0.00013163199764676392,0.00011282540071988478,0.8635506629943848,size_4,mag_1,shape_1,cosmos_000149,cosmos_irsa_auto\fits\cosmos_000149.fits,cosmos_irsa_auto\xml\cosmos_000149.xml,https://irsa.ipac.caltech.edu/cgi-bin/Cutouts/nph-cutouts?mission=COSMOS&locstr=149.947204+2.544077+eq+j2000&sizeX=5.0&sizeY=5.0&units=arcsec&mode=PI&max_size=180&ntable_cutouts=1&cutouttbl1=acs_mosaic_2.0,https://irsa.ipac.caltech.edu:443/workspace/TMP_ygEXd9_3236566/Cutouts/149.947204_2.544077_eq_j2000.v0001/results/acs_mosaic_2.0/0001_149.94720000_2.54408000_acs_I_mosaic_30mas_sci.fits,168,168,0.03,5.04,5.04,0.0014698104932904243,0.01834346167743206,accept,passed_auto_qa,0.26817893981933594,2.968214511871338,0.1370920091867447,1.0,0.21040769323629482,2,0.0338718820861678
149.8420953601064,1.917703657820256,1,22.386995315551758,8.032757759094238,1.4943817853927612,0,6.139384640846401e-05,4.296300176065415e-05,0.6691730618476868,size_2,mag_1,shape_2,cosmos_000151,cosmos_irsa_auto\fits\cosmos_000151.fits,cosmos_irsa_auto\xml\cosmos_000151.xml,https://irsa.ipac.caltech.edu/cgi-bin/Cutouts/nph-cutouts?mission=COSMOS&locstr=149.842095+1.917704+eq+j2000&sizeX=5.0&sizeY=5.0&units=arcsec&mode=PI&max_size=180&ntable_cutouts=1&cutouttbl1=acs_mosaic_2.0,https://irsa.ipac.caltech.edu:443/workspace/TMP_ygEXd9_3236566/Cutouts/149.842095_1.917704_eq_j2000.v0001/results/acs_mosaic_2.0/0001_149.84210000_1.91770000_acs_I_mosaic_30mas_sci.fits,168,168,0.03,5.04,5.04,0.001430353382602334,0.18661808967590332,accept,passed_auto_qa,0.3581562936306,5.0,0.013129587285220623,1.0,0.80725463851686,2,0.08372307256235828
150.0852943861773,2.459340500634817,1,22.03082847595215,9.808303833007812,1.109906554222107,0,5.632797910948284e-05,5.07814584125299e-05,0.9009767770767212,size_3,mag_1,shape_1,cosmos_000154,cosmos_irsa_auto\fits\cosmos_000154.fits,cosmos_irsa_auto\xml\cosmos_000154.xml,https://irsa.ipac.caltech.edu/cgi-bin/Cutouts/nph-cutouts?mission=COSMOS&locstr=150.085294+2.459341+eq+j2000&sizeX=5.0&sizeY=5.0&units=arcsec&mode=PI&max_size=180&ntable_cutouts=1&cutouttbl1=acs_mosaic_2.0,https://irsa.ipac.caltech.edu:443/workspace/TMP_ygEXd9_3236566/Cutouts/150.085294_2.459341_eq_j2000.v0001/results/acs_mosaic_2.0/0001_150.08529000_2.45934000_acs_I_mosaic_30mas_sci.fits,168,168,0.03,5.04,5.04,0.0006122599588707089,0.026415294036269188,accept,passed_auto_qa,0.30247586965560913,5.0,0.1232098713517189,1.0,0.3181274731696563,1,0.029017857142857144
149.7423146358009,2.179332430747044,1,22.917156219482422,8.701460838317871,1.0379630327224731,1,3.925792043446563e-05,3.796673991018906e-05,0.9634254574775696,size_3,mag_1,shape_1,cosmos_000157,cosmos_irsa_auto\fits\cosmos_000157.fits,cosmos_irsa_auto\xml\cosmos_000157.xml,https://irsa.ipac.caltech.edu/cgi-bin/Cutouts/nph-cutouts?mission=COSMOS&locstr=149.742315+2.179332+eq+j2000&sizeX=5.0&sizeY=5.0&units=arcsec&mode=PI&max_size=180&ntable_cutouts=1&cutouttbl1=acs_mosaic_2.0,https://irsa.ipac.caltech.edu:443/workspace/TMP_ygEXd9_3236566/Cutouts/149.742315_2.179332_eq_j2000.v0001/results/acs_mosaic_2.0/0001_149.74232000_2.17933000_acs_I_mosaic_30mas_sci.fits,168,168,0.03,5.04,5.04,0.0023885127156972885,0.1508360654115677,accept,passed_auto_qa,0.2591090202331543,5.0,0.02952035516500473,1.0,0.7888690745022822,2,0.10455640589569161
149.7352043110116,2.135178907738116,1,21.074960708618164,24.729154586791992,2.1408843994140625,0,0.00016459860489703715,8.113543299259618e-05,0.4670966863632202,size_4,mag_1,shape_4,cosmos_000167,cosmos_irsa_auto\fits\cosmos_000167.fits,cosmos_irsa_auto\xml\cosmos_000167.xml,https://irsa.ipac.caltech.edu/cgi-bin/Cutouts/nph-cutouts?mission=COSMOS&locstr=149.735204+2.135179+eq+j2000&sizeX=5.0&sizeY=5.0&units=arcsec&mode=PI&max_size=180&ntable_cutouts=1&cutouttbl1=acs_mosaic_2.0,https://irsa.ipac.caltech.edu:443/workspace/TMP_ygEXd9_3236566/Cutouts/149.735204_2.135179_eq_j2000.v0001/results/acs_mosaic_2.0/0001_149.73520000_2.13518000_acs_I_mosaic_30mas_sci.fits,168,168,0.03,5.04,5.04,0.0015052080852910876,0.03614780679345131,accept,passed_auto_qa,0.22594809532165527,2.1958513259887695,0.09481854736804962,1.0,0.3517499257381711,2,0.05693735827664399
150.4423692207532,2.470794800008599,1,24.803815841674805,7.876010417938232,2.3261284828186035,0,6.387638859450817e-05,2.545971074141562e-05,0.42989885807037354,size_2,mag_3,shape_4,cosmos_000168,cosmos_irsa_auto\fits\cosmos_000168.fits,cosmos_irsa_auto\xml\cosmos_000168.xml,https://irsa.ipac.caltech.edu/cgi-bin/Cutouts/nph-cutouts?mission=COSMOS&locstr=150.442369+2.470795+eq+j2000&sizeX=5.0&sizeY=5.0&units=arcsec&mode=PI&max_size=180&ntable_cutouts=1&cutouttbl1=acs_mosaic_2.0,https://irsa.ipac.caltech.edu:443/workspace/TMP_ygEXd9_3236566/Cutouts/150.442369_2.470795_eq_j2000.v0001/results/acs_mosaic_2.0/0001_150.44237000_2.47079000_acs_I_mosaic_30mas_sci.fits,168,168,0.03,5.04,5.04,0.00016817006689962,0.013837115839123726,accept,passed_auto_qa,0.40712451934814453,5.0,0.1725660264492035,1.0,0.27598806378736795,2,0.020514455782312924
150.2944392452852,2.579441640167175,1,25.32370948791504,24.562362670898438,1.4614466428756714,0,1.626656921871472e-05,1.1633729627646971e-05,0.6842535138130188,size_4,mag_4,shape_2,cosmos_000179,cosmos_irsa_auto\fits\cosmos_000179.fits,cosmos_irsa_auto\xml\cosmos_000179.xml,https://irsa.ipac.caltech.edu/cgi-bin/Cutouts/nph-cutouts?mission=COSMOS&locstr=150.294439+2.579442+eq+j2000&sizeX=5.0&sizeY=5.0&units=arcsec&mode=PI&max_size=180&ntable_cutouts=1&cutouttbl1=acs_mosaic_2.0,https://irsa.ipac.caltech.edu:443/workspace/TMP_ygEXd9_3236566/Cutouts/150.294439_2.579442_eq_j2000.v0001/results/acs_mosaic_2.0/0001_150.29444000_2.57944000_acs_I_mosaic_30mas_sci.fits,168,168,0.03,5.04,5.04,0.00023837623302824795,0.031439125537872314,accept,passed_auto_qa,0.226589635014534,3.6560428142547607,0.09336882084608078,1.0,0.5066877794751936,1,0.04301303854875283
150.101364347054,2.206867127076029,1,21.621952056884766,11.412272453308105,1.3710391521453857,0,7.865430961828679e-05,5.947622048552148e-05,0.7293737530708313,size_3,mag_1,shape_2,cosmos_000183,cosmos_irsa_auto\fits\cosmos_000183.fits,cosmos_irsa_auto\xml\cosmos_000183.xml,https://irsa.ipac.caltech.edu/cgi-bin/Cutouts/nph-cutouts?mission=COSMOS&locstr=150.101364+2.206867+eq+j2000&sizeX=5.0&sizeY=5.0&units=arcsec&mode=PI&max_size=180&ntable_cutouts=1&cutouttbl1=acs_mosaic_2.0,https://irsa.ipac.caltech.edu:443/workspace/TMP_ygEXd9_3236566/Cutouts/150.101364_2.206867_eq_j2000.v0001/results/acs_mosaic_2.0/0001_150.10136000_2.20687000_acs_I_mosaic_30mas_sci.fits,168,168,0.03,5.04,5.04,0.0007155525963753462,0.04665603116154671,accept,passed_auto_qa,0.229762002825737,5.0,0.08163498342037201,1.0,0.4586479654867203,1,0.04641439909297052
149.906376801207,2.372184295200632,1,22.307096481323242,12.144214630126953,1.1948940753936768,3,6.692401802865788e-05,5.589447027887218e-05,0.8368942737579346,size_4,mag_1,shape_1,cosmos_000186,cosmos_irsa_auto\fits\cosmos_000186.fits,cosmos_irsa_auto\xml\cosmos_000186.xml,https://irsa.ipac.caltech.edu/cgi-bin/Cutouts/nph-cutouts?mission=COSMOS&locstr=149.906377+2.372184+eq+j2000&sizeX=5.0&sizeY=5.0&units=arcsec&mode=PI&max_size=180&ntable_cutouts=1&cutouttbl1=acs_mosaic_2.0,https://irsa.ipac.caltech.edu:443/workspace/TMP_ygEXd9_3236566/Cutouts/149.906377_2.372184_eq_j2000.v0001/results/acs_mosaic_2.0/0001_149.90638000_2.37218000_acs_I_mosaic_30mas_sci.fits,168,168,0.03,5.04,5.04,0.0013339666184037924,0.07555212080478668,accept,passed_auto_qa,0.28610092401504517,5.0,0.027691790834069252,1.0,0.6146644119784003,3,0.08365221088435375
150.2743487251642,2.460890369947323,1,21.694692611694336,22.470760345458984,1.2223930358886719,0,0.0001020222989609465,8.533246727893129e-05,0.8180674910545349,size_4,mag_1,shape_1,cosmos_000188,cosmos_irsa_auto\fits\cosmos_000188.fits,cosmos_irsa_auto\xml\cosmos_000188.xml,https://irsa.ipac.caltech.edu/cgi-bin/Cutouts/nph-cutouts?mission=COSMOS&locstr=150.274349+2.460890+eq+j2000&sizeX=5.0&sizeY=5.0&units=arcsec&mode=PI&max_size=180&ntable_cutouts=1&cutouttbl1=acs_mosaic_2.0,https://irsa.ipac.caltech.edu:443/workspace/TMP_ygEXd9_3236566/Cutouts/150.274349_2.460890_eq_j2000.v0001/results/acs_mosaic_2.0/0001_150.27435000_2.46089000_acs_I_mosaic_30mas_sci.fits,168,168,0.03,5.04,5.04,0.0008726163650862873,0.020374266430735588,accept,passed_auto_qa,0.25291699171066284,3.004028081893921,0.11825134605169296,1.0,0.2942401489420589,1,0.047087585034013606
149.7472955058476,2.257279487109438,1,22.447948455810547,10.65157699584961,1.3905622959136963,0,5.8472240198170766e-05,4.36589507444296e-05,0.7191335558891296,size_3,mag_1,shape_2,cosmos_000193,cosmos_irsa_auto\fits\cosmos_000193.fits,cosmos_irsa_auto\xml\cosmos_000193.xml,https://irsa.ipac.caltech.edu/cgi-bin/Cutouts/nph-cutouts?mission=COSMOS&locstr=149.747296+2.257279+eq+j2000&sizeX=5.0&sizeY=5.0&units=arcsec&mode=PI&max_size=180&ntable_cutouts=1&cutouttbl1=acs_mosaic_2.0,https://irsa.ipac.caltech.edu:443/workspace/TMP_ygEXd9_3236566/Cutouts/149.747296_2.257279_eq_j2000.v0001/results/acs_mosaic_2.0/0001_149.74730000_2.25728000_acs_I_mosaic_30mas_sci.fits,168,168,0.03,5.04,5.04,0.00025099178310483694,0.012278067879378796,accept,passed_auto_qa,0.3859294652938843,5.0,0.18551018834114075,1.0,0.21694781616818407,1,0.021364795918367346
150.4650168675428,2.430638789516748,1,21.863500595092773,15.155766487121582,1.3626374006271362,0,9.12968534976244e-05,6.690358713967726e-05,0.7338709235191345,size_4,mag_1,shape_2,cosmos_000200,cosmos_irsa_auto\fits\cosmos_000200.fits,cosmos_irsa_auto\xml\cosmos_000200.xml,https://irsa.ipac.caltech.edu/cgi-bin/Cutouts/nph-cutouts?mission=COSMOS&locstr=150.465017+2.430639+eq+j2000&sizeX=5.0&sizeY=5.0&units=arcsec&mode=PI&max_size=180&ntable_cutouts=1&cutouttbl1=acs_mosaic_2.0,https://irsa.ipac.caltech.edu:443/workspace/TMP_ygEXd9_3236566/Cutouts/150.465017_2.430639_eq_j2000.v0001/results/acs_mosaic_2.0/0001_150.46502000_2.43064000_acs_I_mosaic_30mas_sci.fits,168,168,0.03,5.04,5.04,0.0007154700579121709,0.02419990673661232,accept,passed_auto_qa,0.2711687684059143,5.0,0.08131662756204605,1.0,0.4040531597628084,1,0.045351473922902494
150.1249201343042,2.576331895086098,1,21.89594841003418,5.879396915435791,1.7228227853775024,0,6.036075865267776e-05,3.704568007378839e-05,0.5804427266120911,size_1,mag_1,shape_3,cosmos_000204,cosmos_irsa_auto\fits\cosmos_000204.fits,cosmos_irsa_auto\xml\cosmos_000204.xml,https://irsa.ipac.caltech.edu/cgi-bin/Cutouts/nph-cutouts?mission=COSMOS&locstr=150.124920+2.576332+eq+j2000&sizeX=5.0&sizeY=5.0&units=arcsec&mode=PI&max_size=180&ntable_cutouts=1&cutouttbl1=acs_mosaic_2.0,https://irsa.ipac.caltech.edu:443/workspace/TMP_ygEXd9_3236566/Cutouts/150.124920_2.576332_eq_j2000.v0001/results/acs_mosaic_2.0/0001_150.12492000_2.57633000_acs_I_mosaic_30mas_sci.fits,168,168,0.03,5.04,5.04,0.00021689600544050336,0.03239068388938904,accept,passed_auto_qa,0.318473756313324,5.0,0.0978211984038353,1.0,0.41463918488677987,1,0.03309240362811791
149.9567806684597,2.331603945561972,1,21.491342544555664,20.314775466918945,1.3667088747024536,0,0.00011462679685791954,8.573015657020733e-05,0.7316847443580627,size_4,mag_1,shape_2,cosmos_000209,cosmos_irsa_auto\fits\cosmos_000209.fits,cosmos_irsa_auto\xml\cosmos_000209.xml,https://irsa.ipac.caltech.edu/cgi-bin/Cutouts/nph-cutouts?mission=COSMOS&locstr=149.956781+2.331604+eq+j2000&sizeX=5.0&sizeY=5.0&units=arcsec&mode=PI&max_size=180&ntable_cutouts=1&cutouttbl1=acs_mosaic_2.0,https://irsa.ipac.caltech.edu:443/workspace/TMP_ygEXd9_3236566/Cutouts/149.956781_2.331604_eq_j2000.v0001/results/acs_mosaic_2.0/0001_149.95678000_2.33160000_acs_I_mosaic_30mas_sci.fits,168,168,0.03,5.04,5.04,0.0011933546047657728,0.03506070375442505,accept,passed_auto_qa,0.23533229529857635,5.0,0.06410311162471771,1.0,0.39705442834299975,3,0.0633857709750567
150.3831097931717,1.936460229719379,1,20.703699111938477,23.148651123046875,1.1397509574890137,0,0.00015116730355657637,0.00013452619896270335,0.8773846626281738,size_4,mag_1,shape_1,cosmos_000215,cosmos_irsa_auto\fits\cosmos_000215.fits,cosmos_irsa_auto\xml\cosmos_000215.xml,https://irsa.ipac.caltech.edu/cgi-bin/Cutouts/nph-cutouts?mission=COSMOS&locstr=150.383110+1.936460+eq+j2000&sizeX=5.0&sizeY=5.0&units=arcsec&mode=PI&max_size=180&ntable_cutouts=1&cutouttbl1=acs_mosaic_2.0,https://irsa.ipac.caltech.edu:443/workspace/TMP_ygEXd9_3236566/Cutouts/150.383110_1.936460_eq_j2000.v0001/results/acs_mosaic_2.0/0001_150.38311000_1.93646000_acs_I_mosaic_30mas_sci.fits,168,168,0.03,5.04,5.04,0.001579283969476819,0.048113174736499786,accept,passed_auto_qa,0.2265934944152832,2.8717758655548096,0.05338193103671074,1.0,0.6224091244222393,2,0.10398951247165533
150.4294621880051,1.886670394695639,1,21.868694305419922,6.681364059448242,1.1874343156814575,0,6.454689719248563e-05,5.525864980882034e-05,0.8421518206596375,size_2,mag_1,shape_1,cosmos_000216,cosmos_irsa_auto\fits\cosmos_000216.fits,cosmos_irsa_auto\xml\cosmos_000216.xml,https://irsa.ipac.caltech.edu/cgi-bin/Cutouts/nph-cutouts?mission=COSMOS&locstr=150.429462+1.886670+eq+j2000&sizeX=5.0&sizeY=5.0&units=arcsec&mode=PI&max_size=180&ntable_cutouts=1&cutouttbl1=acs_mosaic_2.0,https://irsa.ipac.caltech.edu:443/workspace/TMP_ygEXd9_3236566/Cutouts/150.429462_1.886670_eq_j2000.v0001/results/acs_mosaic_2.0/0001_150.42946000_1.88667000_acs_I_mosaic_30mas_sci.fits,168,168,0.03,5.04,5.04,0.001472372212447226,0.02693505771458149,accept,passed_auto_qa,0.3198566734790802,5.0,0.07803857326507568,1.0,0.4643839597880263,1,0.03833616780045351
